{"start_time": 0.0, "end_time": 1.0, "wrt_time": 0.0, "numeric_events": {"foo": [[0.2, 0.0]], "bar": [[0.1, 1.0]], "bar_2": [[0.1, -22.0]]}}
{"start_time": 1.0, "end_time": 2.0, "wrt_time": 1.5, "numeric_events": {"foo": [[-0.30000000000000004, 0.0], [-0.19999999999999996, 1.0]], "bar": [], "bar_2": []}}
{"start_time": 2.0, "end_time": 3.0, "wrt_time": 2.5, "numeric_events": {"foo": [[-0.2999999999999998, 0.0], [-0.20000000000000018, 1.0]], "bar": [], "bar_2": []}}
{"start_time": 3.0, "end_time": null, "wrt_time": 3.5, "numeric_events": {"foo": [], "bar": [[-0.3999999999999999, 0.0]], "bar_2": [[-0.3999999999999999, -20.0]]}}
